{
    "record_update_time_of_the_manga_list": 116.83917236328125,
    "record_update_time_of_the_manga_info_list": 104.96284222602844
}